image_id,label
6203,2
5599,2
2235,5
2858,4
5589,4
304,1
6866,2
643,2
1939,5
1559,4
5579,2
1713,2
3131,5
5359,3
2131,2
1408,2
5925,4
1037,5
4260,4
4614,1
2022,2
3200,4
1506,5
3378,4
5158,2
4530,4
2789,2
491,6
2964,4
5513,3
5444,6
54,2
4208,4
4575,3
6512,2
1855,4
1700,4
4753,2
1448,2
6590,4
4657,4
477,2
6091,2
3641,5
1636,1
4752,5
4541,4
5630,4
362,2
3774,4
5593,2
3330,4
3721,5
5990,2
5201,2
74,2
4427,2
3518,2
1634,4
1221,2
2231,5
1911,6
1410,3
1658,4
1969,3
5129,4
4940,6
1048,3
1360,3
6477,6
943,6
486,1
5770,2
5265,6
1038,2
996,5
5021,2
3777,6
6306,5
1129,4
1224,2
423,2
6767,4
2575,4
4143,6
160,2
6152,5
4573,5
4762,5
3699,4
2060,4
5688,4
3061,2
29,6
2528,5
2681,2
4002,3
4480,6
1136,4
2626,4
6566,6
5258,5
4802,6
3305,2
1895,5
2430,4
4822,2
1414,4
4801,4
2019,6
6144,5
3596,6
4256,2
6960,2
69,2
6797,2
4694,3
6130,5
2352,2
5591,2
1432,4
2249,2
6992,4
4862,2
1148,5
2367,5
5710,6
3969,3
1321,4
1164,4
2139,4
5478,2
7106,6
1889,5
7170,6
3767,4
3138,4
6867,3
541,2
6965,4
4941,4
2754,5
1557,4
4923,4
3668,5
46,2
1818,2
5417,5
5033,6
585,4
1569,2
7145,2
316,4
4155,4
788,4
1705,4
825,2
6768,2
1337,2
3232,4
2013,4
1324,3
3822,4
37,1
50,5
4023,2
4705,2
4972,2
1357,3
4265,2
2002,4
5712,4
153,4
535,2
1841,3
1316,2
6890,2
1655,6
4504,2
5733,2
494,4
6537,5
6475,2
638,3
5294,3
4075,4
6763,4
844,4
152,2
5286,5
35,5
2957,2
5783,5
6041,2
3999,4
7013,4
1156,4
2255,5
5676,2
1641,2
4682,5
2715,6
4233,6
1611,4
4863,4
6825,2
3688,4
2162,4
5921,4
5700,3
2779,6
6025,5
6884,6
1881,4
243,5
5956,2
6599,5
2481,4
1711,4
4071,4
6516,2
5114,4
5857,5
5855,5
5246,4
4125,2
545,2
2212,4
1580,2
6616,1
2584,2
6614,3
5133,4
5862,2
1182,5
4965,2
4207,2
5051,6
3681,2
1978,5
3582,2
2285,4
4312,3
2121,3
2387,4
2680,4
3826,2
660,2
1171,6
3185,2
735,4
2224,2
2665,4
2439,2
3274,2
992,4
476,4
4910,5
2199,2
2517,2
4189,3
3595,4
5734,5
6424,1
2545,2
5895,2
677,4
5598,5
4502,2
516,5
3405,2
7167,6
2653,4
65,4
682,4
2336,1
5170,2
223,4
192,4
2569,4
6193,3
1169,4
1099,4
6358,5
7129,2
4743,2
474,4
262,4
1019,2
5788,5
2471,5
3989,4
3116,4
5617,5
7124,2
2679,2
1449,4
7098,6
4375,5
3054,2
5115,5
6737,6
3258,5
6717,4
3082,2
3904,4
1000,2
946,5
932,4
5120,6
7194,4
6313,4
3695,4
2949,2
6153,5
4544,4
2402,5
6647,4
4133,4
3828,1
6330,4
941,2
1917,6
3959,6
5847,2
3494,4
1004,2
2234,4
5190,5
5766,2
463,4
6645,6
301,6
2977,5
3046,2
6207,4
4511,4
2518,4
6213,6
4978,2
1698,6
520,6
6056,5
277,2
2365,5
450,4
5511,4
3380,4
3618,2
6295,2
6109,5
3422,2
3196,2
3275,3
1896,4
3860,4
400,5
1311,4
4601,4
5000,4
2422,2
2621,3
5331,2
1412,3
6053,4
6252,4
3402,2
3705,2
6243,5
4212,2
4340,2
4609,5
4958,6
5301,2
4350,4
5588,5
5586,5
3866,2
3457,5
3505,1
1567,4
5646,4
1766,5
4191,2
4888,6
1197,5
6905,2
6269,2
3507,4
3208,3
6441,2
6173,2
2956,4
3370,4
6420,2
6335,3
5595,4
3001,4
6015,2
6455,4
4980,4
1944,2
1247,4
1285,5
3703,5
3162,5
1923,5
4348,5
4154,4
726,2
6141,6
16,4
6085,4
3650,4
3617,2
5419,6
4990,2
107,3
7190,2
3134,4
1890,1
3194,4
2972,4
2279,4
1299,2
2761,2
4899,2
6630,2
1492,2
1640,2
4165,5
446,2
4639,4
6541,6
6362,4
6643,4
6926,4
1397,2
6231,5
6877,3
3686,5
5442,6
2406,6
4020,5
3789,4
4617,2
4925,5
2913,6
5001,1
4428,2
6468,3
732,3
2443,6
3656,4
478,6
5404,3
3719,6
6102,2
4870,4
5522,4
665,5
360,2
5330,4
4296,2
615,2
1643,4
2848,2
741,4
1315,4
6618,2
1146,2
1727,6
642,2
2846,5
2460,3
5903,4
2814,2
6010,6
4273,2
980,2
2341,6
4897,4
1963,2
648,2
898,6
622,6
1927,6
1217,2
5098,2
2673,4
4644,5
2971,4
6560,4
7188,4
1774,3
5309,1
5317,4
207,2
1971,4
4920,4
3236,2
5955,4
3899,4
647,4
6788,2
5196,5
6530,5
3920,2
5073,5
2654,2
1198,4
6083,2
5564,5
2484,4
2939,2
5941,5
3250,3
5803,2
2549,2
6002,4
1344,6
4009,6
5571,4
4323,2
5102,6
5,5
5881,4
4554,3
4632,4
6220,6
5951,4
6040,4
5994,2
6576,4
28,2
2435,5
2378,6
6030,2
3360,6
6798,3
6163,4
6838,2
5896,2
1752,2
3153,3
2827,2
433,5
3011,5
1649,2
1905,5
3128,4
1529,2
652,3
363,4
95,2
1556,2
4058,2
3526,2
253,5
6404,3
5585,6
5389,4
3897,4
5496,6
5384,5
1326,1
934,3
1056,4
2204,1
1002,4
600,2
2515,2
45,4
900,6
3189,3
6534,2
2205,4
2772,4
1510,1
4818,4
5187,4
4729,4
5868,5
1087,5
5192,4
3642,2
856,5
2476,4
2869,6
6402,2
654,2
4685,6
1731,3
3396,4
6912,2
5226,2
2966,2
3212,2
5537,6
5807,5
5899,2
3356,4
5656,2
2641,4
5698,5
68,5
219,4
5923,4
3757,6
1094,2
4593,4
5463,3
2603,4
6588,2
4173,4
4334,5
2537,1
6048,5
6583,4
1350,5
1593,2
863,5
1518,2
4158,3
5949,2
2447,3
5555,4
2207,2
5648,5
4178,4
6983,2
4763,4
1714,4
1080,4
7141,1
2726,5
548,3
4548,4
2066,2
4895,4
938,6
866,6
4595,2
6457,4
2952,5
5352,4
3844,5
687,2
2192,2
3072,4
4425,6
1426,2
4552,5
3327,1
1950,2
5536,6
3195,2
3588,3
1057,2
838,4
406,6
7103,5
6997,4
1141,5
4906,6
1192,6
3240,4
2896,5
5554,4
760,5
208,5
3950,6
3487,2
6444,6
5755,4
2962,4
708,2
3775,3
3339,4
191,4
4395,2
91,5
2074,4
1942,2
6636,4
6790,5
189,2
1660,5
3547,2
3323,6
459,4
669,2
3334,1
4929,2
458,4
3210,5
2048,5
2508,4
2239,4
3441,4
3188,2
2505,4
3392,1
394,4
6021,2
1891,4
1817,2
2912,2
3725,4
1199,4
6887,2
4462,4
5561,6
7082,4
3539,5
2967,4
6942,2
5454,3
1189,6
5945,2
5515,2
5794,4
6471,2
1329,2
864,5
119,2
1683,6
5412,6
4166,2
7164,4
3362,4
1934,5
6688,3
5104,5
4468,2
6453,5
350,2
416,5
1916,2
1378,4
753,4
6544,6
5781,4
3399,6
151,4
944,3
5366,3
2506,6
2822,5
4765,4
3444,4
7169,3
5805,3
2020,6
5718,5
6331,2
1511,4
1769,5
4315,4
5165,2
5542,3
7104,1
2935,2
810,2
3020,2
6055,6
854,4
2126,5
804,4
1466,6
3535,2
7051,5
3492,2
6909,2
4932,2
4306,4
5054,2
6192,2
1442,4
6108,4
87,2
6752,2
196,4
4681,3
1941,5
4405,4
3747,5
1338,6
3099,2
4539,4
5917,2
4421,3
571,5
3036,2
427,2
1440,4
4968,6
6125,5
255,2
6641,2
4846,5
2228,4
2631,4
5674,1
1997,4
2362,4
21,6
4319,2
2560,5
1616,2
4411,5
3270,2
367,4
5961,3
5055,2
953,2
4576,6
1833,2
4471,4
809,1
2391,2
3973,6
1493,2
4529,4
3332,2
2111,5
6395,4
6415,2
5916,2
2834,4
2332,5
4779,1
1364,2
500,6
1166,6
2931,2
7037,6
1173,1
1229,2
199,2
3033,4
6736,4
2574,6
5639,6
4558,2
4661,4
6357,2
4655,2
1809,5
7066,2
6533,4
4206,4
950,5
3599,4
4493,4
1277,3
3631,2
2340,6
512,3
4676,2
2650,3
174,3
6327,6
6047,6
2741,4
2923,2
1693,4
197,5
8,5
5125,4
1272,5
6246,4
2474,6
6840,6
3534,2
3268,2
3298,4
296,2
3310,4
3536,2
2705,4
4730,4
4662,1
722,6
224,5
2867,4
3645,5
4509,3
1552,4
3548,2
2675,2
4669,2
386,6
4831,2
4210,4
6779,5
1648,2
1975,1
3164,1
1597,3
244,4
2269,4
2723,2
567,3
6139,5
1051,2
5290,4
4580,4
2749,3
4491,5
572,6
982,2
2899,2
5004,6
1014,2
5386,4
3793,5
4317,2
3389,5
499,4
1932,3
2046,5
2454,5
2671,2
1060,2
4903,3
318,1
5960,2
3021,3
4450,4
3193,2
6172,3
5344,5
6359,1
2547,4
7095,2
3712,4
1706,2
2588,2
6547,4
6715,4
7117,2
2875,4
1301,1
2277,4
1059,5
2604,5
890,2
756,2
5327,4
6027,2
468,3
5776,3
2538,4
3385,4
1386,2
3978,4
4193,4
7018,4
6914,2
1437,4
2780,6
6421,4
6548,4
798,6
6397,5
6115,4
2494,2
4837,6
3286,4
5567,4
2410,6
319,4
2446,2
1723,6
4226,2
4956,2
6521,4
6497,6
59,5
4453,3
2220,2
711,2
6492,3
2581,3
3928,5
1765,2
6587,4
2624,3
112,4
2826,4
2110,2
7009,3
6194,4
3177,5
4780,6
4420,2
2543,5
2017,6
2582,2
3702,4
1246,4
6361,4
2996,2
4243,6
2041,1
1753,5
5760,4
6631,2
688,4
6484,5
1266,4
1738,1
4936,6
1050,3
4382,4
3343,6
1006,2
6239,4
4424,3
5473,4
2421,4
3602,4
3333,4
662,6
3428,6
5437,2
4702,2
6692,4
1982,2
6783,2
2787,5
5490,6
2755,4
792,3
56,4
4385,2
3335,2
6500,5
52,4
2034,2
2828,4
4841,5
3929,6
6696,4
5335,4
749,4
776,1
5507,4
2187,4
4557,2
1395,4
1268,2
3559,6
549,2
705,2
1549,5
4304,4
1801,5
6028,5
4292,5
2407,4
2168,4
1664,5
1697,4
902,4
2076,4
2836,6
4242,4
4706,2
3237,3
330,4
6446,3
3426,2
4948,2
5883,2
5607,2
2311,2
6612,6
6505,6
1620,2
3561,4
3048,5
6098,5
6009,4
5716,4
3254,4
6853,6
6450,4
4008,4
4013,2
5520,4
4137,4
4451,2
3570,3
2045,2
1807,6
5124,1
6969,2
5985,2
141,5
1879,4
6755,2
1852,3
1147,5
767,4
5547,2
4969,2
1626,2
3489,5
3881,6
1650,2
6022,4
3714,5
6189,2
672,2
6706,1
597,2
4048,6
6848,4
4834,6
3890,4
5540,5
4988,3
2088,2
2492,6
5692,2
6080,3
6995,3
561,5
4472,2
5765,6
1861,5
6268,4
3854,4
4857,2
4357,4
3301,2
1041,5
1154,5
4486,3
6044,3
4728,6
4070,2
3813,6
3889,2
2400,3
4874,6
4211,4
5090,2
2042,6
5843,5
3454,1
4977,4
7080,3
2317,2
4597,6
1340,4
5995,2
134,2
6328,4
6952,2
5832,2
7135,4
2720,4
3939,6
574,2
237,3
221,3
1267,5
2295,4
2413,3
4295,5
5820,4
3498,5
6701,5
3961,2
1139,4
1018,2
2390,6
6428,4
5447,3
1848,4
3149,2
2333,4
4441,4
2857,4
5981,4
203,4
2247,6
3637,1
1726,2
6711,2
519,2
1565,4
5756,6
1717,2
3755,5
163,4
1477,6
3019,2
6575,3
1504,2
4951,6
5225,4
3670,2
2461,1
166,2
6378,2
4314,3
1013,4
2771,6
3179,3
4928,5
6227,5
2954,2
826,2
3625,2
1929,5
1920,4
5664,4
2639,4
5754,6
6298,4
5931,2
2201,4
4788,5
1513,5
2692,3
6733,2
4824,4
4637,6
5392,2
3898,2
6747,3
2561,2
3445,3
5978,2
1994,4
1759,6
246,2
1872,2
6972,2
893,2
6060,6
3951,5
831,3
1810,5
190,4
1859,4
1996,4
4838,2
2069,4
3304,3
449,5
3636,4
2165,2
706,2
6677,2
1545,5
5257,2
6236,6
715,6
739,5
6140,2
355,2
6443,3
3303,2
668,5
3023,2
2552,3
5791,3
3346,4
2701,4
3391,5
3816,2
6489,6
845,2
3879,6
2570,2
6593,2
5640,6
206,5
6844,2
424,3
2424,3
4294,2
7138,4
3410,3
3432,4
6686,2
1206,2
4398,2
3057,2
5528,6
3623,2
7116,4
4090,4
7137,4
3819,4
2557,5
956,6
3597,5
6819,2
2919,2
2532,5
5145,4
3675,6
701,2
4835,2
2314,1
1657,2
7081,2
1835,3
3390,3
827,5
129,4
2852,5
2404,2
1416,4
2271,4
6993,3
2635,2
1488,4
3115,6
3211,6
3750,4
4025,5
3160,4
5477,4
5408,2
1661,2
4101,2
6561,6
5436,4
6392,2
4759,2
3919,1
4218,6
6286,2
1290,2
1674,2
725,4
5372,4
4479,5
2254,6
1913,2
4413,2
4399,4
7148,2
4868,4
595,5
3495,6
7085,4
1548,2
2722,4
75,4
3521,4
1346,6
2309,6
4464,6
3065,6
3014,2
1260,5
926,6
4057,2
2685,2
164,4
3606,4
5752,5
5431,2
644,6
3841,3
3155,2
288,4
4914,4
2232,4
4501,3
2932,5
5886,5
5574,2
3590,4
2820,2
3502,6
1845,5
3839,3
6775,2
2951,2
3803,5
2305,4
336,6
1275,5
5391,2
783,2
6046,4
6502,4
2985,4
5643,6
1617,4
5891,6
4369,5
6249,5
2662,4
780,2
3376,2
5460,2
6222,2
3000,2
3852,2
3453,2
6536,2
5681,2
6314,4
2388,2
1176,2
3400,5
2599,2
4603,2
5641,4
3624,6
5357,2
7127,4
3762,4
2153,5
5529,6
4973,4
6908,2
2198,3
6038,4
628,2
1628,2
3488,4
4014,6
5364,2
5151,2
3297,3
3671,2
6146,2
1333,4
1581,5
5762,2
2000,2
1468,2
127,5
4807,4
3952,5
2889,2
2040,6
995,6
121,6
6857,2
2592,4
3034,6
4799,4
6120,2
1098,5
979,2
5139,4
1363,5
4663,6
6656,2
1322,2
3165,4
6746,2
6368,2
2226,5
5281,6
2359,4
5374,4
3296,4
5517,4
4039,4
5041,4
3127,4
5097,6
172,6
7146,6
4725,2
1320,5
402,4
5167,4
2698,6
3665,2
1373,2
5958,2
763,4
6849,2
3772,2
2690,2
1561,4
6582,6
6191,2
5488,2
6646,4
1605,6
4791,6
5236,3
250,4
6661,2
3955,2
5049,5
2835,2
3987,3
3300,5
5023,5
6622,2
5156,4
1782,2
4192,5
3429,3
6563,6
3052,4
2274,2
397,5
6592,5
4581,4
1225,3
1902,4
3621,5
1834,3
3544,4
4254,5
3543,5
5606,5
3864,5
2335,5
6938,4
680,6
4507,5
4387,3
6483,5
2934,4
4386,4
2270,2
3262,4
5277,5
1020,5
4828,2
461,6
6456,6
122,6
188,3
6069,2
6023,2
6017,2
5131,2
3870,6
6934,4
1566,2
4981,2
385,5
1249,6
3965,2
3381,3
2767,1
1614,6
4726,4
5323,2
3463,6
1485,5
6564,2
4826,4
566,5
5871,2
5292,6
5302,3
5792,4
118,2
3546,4
3991,2
2172,6
1205,2
3855,6
565,2
4734,2
7107,4
876,4
4708,4
284,4
6224,4
4219,5
3016,6
1155,2
716,2
6657,6
6527,2
2371,5
1283,2
796,2
3639,4
4615,6
503,6
6169,2
3293,4
105,5
3734,4
3620,4
7099,2
6070,1
2312,2
4062,4
522,3
2012,2
4754,2
3851,6
2994,6
1722,4
5154,2
170,5
4806,6
4440,3
3689,5
4805,5
4376,4
3108,2
6882,2
2551,4
5451,2
6094,2
4088,5
5615,4
3704,4
2885,6
264,4
1784,2
6791,5
6215,2
5107,2
5213,4
334,6
3523,2
504,6
2003,2
2361,2
2129,4
5647,6
4890,3
5658,2
2733,4
6999,2
6951,2
4567,3
3907,2
6638,4
2947,3
5262,2
4562,2
2879,2
395,4
5677,2
3924,3
5083,6
507,5
3423,5
3832,2
5210,4
1737,4
3075,4
1682,2
5723,2
3808,5
2480,4
7001,2
4179,5
6644,3
2850,4
6846,2
308,2
501,4
6716,4
703,2
2140,2
351,2
2178,2
1926,4
4252,3
1956,5
6431,2
6600,2
5438,1
6346,4
6720,5
3386,3
5092,4
110,2
4604,5
2511,2
5936,5
4073,2
4011,5
2448,2
1188,5
5180,1
5976,4
6615,2
4278,4
646,4
1517,4
2832,2
1547,3
2727,6
5411,4
5758,5
2854,4
5724,4
1458,6
1646,4
414,4
3916,5
1535,5
3184,2
2608,3
531,6
685,2
286,5
6466,5
750,2
921,2
6948,4
3224,2
7186,2
2868,4
3442,1
589,3
291,2
2101,3
1957,2
2377,5
6004,6
5715,2
3484,2
3197,5
3404,3
4145,2
2392,4
5786,4
2382,2
6273,2
843,2
6315,4
633,3
1222,2
5661,2
2688,6
6296,1
4723,4
439,5
384,2
887,1
5381,3
6451,2
7105,6
1240,2
2084,2
405,2
4678,5
6959,2
1764,4
3150,4
877,2
7160,4
6874,2
5879,2
3930,5
5785,2
532,4
4992,5
2293,2
1230,5
2553,2
3795,4
2463,4
5099,2
3513,1
381,2
6067,4
4693,2
4494,5
23,4
1473,2
5768,4
3900,6
962,4
2054,5
5407,5
1739,2
4031,5
3163,4
6865,5
3926,4
55,5
5272,3
2459,4
335,2
1387,4
1491,6
3589,1
1103,5
3567,4
547,2
4649,2
4607,6
5105,5
869,6
2150,2
380,2
6302,2
2788,6
2842,2
3805,6
4407,4
4318,2
3123,4
3291,2
5071,2
177,2
2746,3
5380,4
428,2
933,2
5798,2
4409,3
3042,5
3299,5
4084,4
6036,2
907,2
1167,2
4151,5
2353,4
653,4
4352,6
806,2
3600,6
6710,2
2818,4
5259,2
712,2
2763,2
1860,3
2711,2
3118,3
6259,3
2825,4
5670,6
2710,6
2808,3
5693,2
4817,5
5998,5
2531,2
228,2
4245,1
2018,2
5310,4
1376,4
6916,6
6894,6
2910,3
5110,4
6623,2
236,4
5304,5
7028,4
5962,5
1562,2
5719,2
6258,3
5839,6
1232,4
6473,4
2097,2
4012,5
4092,2
6652,4
803,2
6156,4
6363,5
3914,4
2357,6
3028,6
347,4
6031,6
2961,5
4351,2
746,4
3018,4
5393,2
142,6
5484,3
117,4
694,2
120,4
1947,5
2385,5
823,6
2399,2
6532,5
4269,5
2738,2
2211,4
417,5
3857,1
3909,6
36,3
5684,6
754,2
6365,2
6970,4
4429,5
510,4
346,4
5699,2
3493,2
731,5
965,2
1332,2
5079,5
4366,6
3140,6
4625,2
1812,5
1368,2
6018,4
4054,2
3290,4
5707,5
1768,4
1303,5
6759,2
1600,4
4325,4
2470,4
4264,2
4115,4
186,6
6859,2
1403,6
4,3
3751,4
303,4
5245,4
6935,6
204,2
5232,3
6095,4
6143,2
392,4
4007,6
6430,4
6071,4
1964,2
6928,5
2519,2
339,4
247,5
2071,4
2888,2
5819,2
2887,4
183,4
2132,2
3752,2
4150,1
6465,5
2769,4
4821,2
683,5
3112,4
4789,4
1133,4
6668,4
5971,4
1046,2
375,5
2200,4
1106,6
506,6
693,2
5441,2
994,2
6338,5
6617,5
1710,2
4276,4
620,4
2849,4
6514,4
3367,4
4612,2
1763,5
1113,2
4565,4
2329,2
3749,5
3041,3
6929,4
3373,4
3830,3
3737,2
3649,5
3627,4
4300,4
6326,5
1392,2
568,5
6400,1
214,6
2251,6
3260,5
3520,4
4068,6
1314,2
5624,4
4689,6
3807,4
7182,4
4448,2
2577,2
2415,4
5320,4
5622,3
6509,5
3892,2
1447,4
326,6
2167,5
5074,4
7171,6
6562,2
4004,5
7184,6
6982,2
4875,6
1478,2
7154,4
2982,4
5947,2
1900,5
6731,5
6174,3
4439,2
1992,2
4095,2
5667,5
6508,2
5177,2
4691,5
5583,5
899,2
5134,5
2928,3
592,4
14,4
5566,2
108,2
4668,6
3788,6
1980,2
3317,4
4001,5
3135,1
3977,6
2096,4
502,2
3882,2
612,2
904,2
5161,4
6029,3
959,6
6278,4
4430,2
4847,5
222,4
2229,4
2425,2
2283,5
4571,5
5486,5
5717,2
5413,4
5243,5
2001,4
234,6
1601,6
5877,2
1573,6
5414,5
518,2
1463,5
4195,1
3113,4
2288,5
1897,3
5610,4
6103,2
6190,1
1606,3
1955,4
3992,5
2487,4
2189,4
425,5
1090,4
4169,6
1274,6
4564,4
2752,3
2598,4
5787,6
3571,2
480,5
215,4
4683,4
892,3
5474,3
7132,5
606,2
5977,4
6218,6
5817,4
6984,6
365,2
5815,2
6196,1
1345,1
6277,4
7059,2
6037,2
2319,4
4034,2
4587,2
1868,3
4368,4
3475,4
2950,4
1560,4
82,5
1539,5
534,2
4967,5
4055,2
696,2
3425,2
2303,4
3701,5
2960,2
3728,6
4909,5
3025,6
2905,2
1443,2
4172,2
1536,2
4518,2
6256,5
3480,6
2564,6
1530,2
2265,2
5082,6
2803,2
6423,4
689,2
3342,2
5539,4
4664,2
6666,3
5439,4
7172,6
3412,6
4851,2
7053,2
1138,2
3491,6
5842,6
5240,3
5471,2
2933,4
3106,4
3201,6
1776,2
1327,4
5162,4
3814,3
6911,2
6634,2
7173,4
4719,4
4816,4
6639,6
63,2
6445,4
4555,5
5818,6
1592,2
5350,4
6219,2
3221,2
7020,2
4415,3
3481,2
6971,4
7026,4
1202,3
1270,4
285,4
4362,4
6019,4
1781,4
1248,5
1595,4
7086,4
3214,2
3110,6
411,2
6776,2
616,6
6162,3
5967,4
2558,4
1153,6
4523,5
2591,4
6393,4
97,4
4454,4
6342,2
5440,2
3888,4
1309,2
7156,6
5128,2
7126,4
837,4
5732,6
3581,4
2245,2
5136,4
4645,3
3375,4
3503,4
2851,2
4670,2
5118,5
2137,5
1355,4
5324,4
6096,2
6792,4
6337,6
5565,5
4196,2
5264,6
1063,5
6978,5
563,5
1296,4
3229,4
5020,3
2676,2
4473,6
150,2
4924,4
6081,4
184,5
6369,2
4436,6
3035,6
6458,4
4561,4
4457,4
5545,3
3818,5
873,4
382,3
1065,2
6567,2
3388,6
5244,5
314,4
2902,4
3626,2
5651,2
2895,5
7071,6
4129,5
5375,2
5686,2
457,3
3089,5
3532,4
4749,2
3605,6
6398,2
1824,6
1718,5
4370,5
4396,4
212,5
93,2
322,3
781,2
4577,3
5996,4
6665,6
1985,2
7045,2
768,3
3633,4
3281,6
947,3
33,2
3604,4
1937,4
6214,2
4742,5
6976,2
778,6
552,5
3619,4
2217,5
7144,3
5637,4
686,5
2813,5
3908,5
7047,5
4877,5
6104,2
2083,3
6695,5
4038,2
5544,5
3283,2
4311,4
6001,4
2618,3
6201,2
443,3
5318,6
6584,2
5708,2
6597,4
6885,4
6438,4
5502,2
137,2
4042,2
5479,3
5382,5
960,2
755,2
2855,5
3833,2
5913,5
2098,2
3673,2
5642,2
762,6
3592,3
1226,3
6621,4
471,2
2791,4
4675,4
6781,4
1728,4
3133,5
770,4
6470,2
4551,2
1474,4
5666,2
268,6
3205,2
5543,2
1117,6
853,6
6962,4
2587,5
2502,1
2579,4
3308,3
800,4
794,2
6743,6
6786,2
2077,3
6212,2
1105,2
294,3
5251,5
5834,4
2940,5
5197,2
483,4
2669,4
5730,2
5849,1
1582,6
3482,4
2777,2
1893,5
3249,4
4546,6
6322,2
2086,4
2871,4
1482,3
4517,5
1778,3
5767,6
4160,6
3935,1
2219,4
1445,6
5058,2
530,4
5668,2
5155,2
4280,6
6586,4
2092,5
858,4
4489,5
5948,2
4775,6
3954,4
2890,6
2230,2
5445,5
2623,3
4024,2
72,4
4433,2
3865,5
5876,2
1417,2
7089,4
5608,2
6034,4
582,4
2757,2
109,4
551,2
2242,5
3157,4
5906,4
1353,4
5808,1
2629,2
5575,4
2880,2
1770,2
3302,2
2500,2
1915,4
4380,6
1509,2
6888,3
1216,4
3358,2
1203,2
3347,2
5753,4
5388,5
4322,3
3490,5
1622,2
6245,1
4339,4
6050,6
6076,2
1527,2
5109,3
747,3
2717,2
3944,3
3086,5
6707,2
7179,5
448,2
1325,3
5345,4
771,4
366,4
6831,2
2714,2
2327,2
370,2
13,6
4588,5
5793,6
830,2
138,4
2206,2
878,4
2241,4
4971,4
1883,1
22,2
925,6
5499,3
3077,5
3306,4
6748,4
4021,1
6901,4
1519,4
1489,4
1302,2
2214,3
5553,2
2468,3
5887,5
3228,4
5905,2
6263,5
7056,4
269,4
2222,4
4499,3
927,2
2865,6
4731,5
5848,4
1036,3
3800,2
32,2
4483,2
4085,4
3416,4
3125,4
954,4
641,5
2339,2
4485,3
4419,2
5854,2
5720,6
1572,2
3868,2
1359,4
681,4
6503,6
4757,4
5609,2
2414,4
7025,2
1487,2
1145,5
2914,2
6517,4
6280,4
6432,3
632,4
1949,3
1998,2
2036,5
4360,2
2397,5
6462,2
3862,5
5863,6
6013,3
2993,5
1259,4
3238,6
2473,6
1828,2
3985,6
2300,3
7130,4
1211,2
2103,2
1135,1
391,2
6633,3
1144,4
3434,4
5897,2
7157,2
664,2
5153,4
2522,5
5025,5
6165,2
983,6
6145,3
3835,5
5888,5
4185,2
1243,4
6309,2
6975,5
4917,2
3326,2
744,3
6766,4
3981,6
162,4
1278,2
6371,1
3586,2
2109,6
4727,3
3953,2
4589,2
3398,4
5199,5
4918,2
2530,5
4341,5
5387,2
1318,5
861,4
1295,3
1119,4
5711,1
3756,6
3340,4
3226,2
3374,5
5465,4
1543,5
4079,6
748,4
2106,2
6383,4
2839,5
511,5
6937,5
5069,2
1486,4
6117,4
1039,2
4078,6
2534,5
4842,2
5042,5
3578,4
4921,2
6161,2
6062,4
7134,4
6506,6
4458,4
5123,3
6891,1
5838,1
4197,4
1783,2
399,5
6944,2
5137,6
1483,2
6650,2
4654,3
2732,2
5498,4
1431,1
5972,2
2236,2
2250,6
2965,1
4600,4
764,2
621,2
6595,1
4174,2
6276,2
2130,4
7062,2
2477,4
5745,6
5590,5
3986,2
3529,2
2117,6
4393,4
6591,5
3940,4
6301,3
6118,4
1377,5
4342,4
4584,2
5067,5
1347,5
4962,4
6687,2
352,4
4470,4
1607,5
1231,4
2266,6
6304,3
2379,5
2395,2
3060,6
3176,6
5873,3
6796,5
396,4
2055,2
6288,1
791,2
5360,2
1220,4
7136,2
235,4
527,4
4446,6
6558,5
1183,2
4974,5
3720,2
5525,2
6003,5
2611,2
5982,5
619,4
6596,5
4766,2
599,2
958,5
5970,2
2555,2
4764,4
2112,2
209,2
1715,6
257,2
6394,5
4879,6
674,5
1842,4
147,5
3746,2
3580,5
4677,6
2991,2
271,3
1673,2
1886,5
1040,2
2155,5
1966,1
5918,5
6613,2
1712,4
3401,4
4098,2
6852,2
1095,5
5176,4
290,2
3285,5
4074,3
2709,5
3975,4
337,5
5429,2
5869,6
6254,6
4608,4
3611,2
6419,2
3277,4
6433,4
2486,5
5602,6
6667,4
5657,3
3146,4
3512,4
707,1
2099,4
6437,6
5457,2
7192,4
6275,2
7055,4
4064,4
3615,2
2431,2
3810,2
5740,2
6973,2
3427,2
6640,2
4186,4
2792,4
3095,2
7094,2
5691,2
3243,2
2436,4
7057,2
4745,3
4861,1
5166,4
4787,6
11,2
455,5
4094,5
7122,4
2829,5
6950,5
465,5
3282,2
5596,4
3771,4
5390,2
3449,6
1297,5
3662,1
315,2
182,2
6241,3
4449,2
2638,4
3790,4
4029,4
695,5
4091,4
5748,4
2380,2
4687,6
6176,2
6704,2
3846,2
143,5
2118,6
3156,4
3129,4
2718,2
4833,4
3256,6
3754,3
2739,2
131,2
2408,6
1741,5
5526,4
865,2
5551,2
6721,2
181,5
307,5
6787,2
6026,5
6325,2
4285,4
6958,6
4673,2
1298,6
4532,2
4355,2
2490,4
2684,6
951,2
426,2
5810,6
3710,6
1814,5
1214,6
4871,5
5300,5
1356,2
2559,4
3393,5
659,4
4332,4
2301,5
5017,2
1624,6
5582,6
6879,5
5316,6
5999,5
5645,6
6410,3
6863,2
4840,5
348,4
1707,5
5461,2
1546,2
3476,5
513,4
3565,2
1369,6
6751,4
5743,4
1457,4
1143,2
6101,6
7072,2
3657,4
2281,2
1609,6
4832,4
2941,3
4481,4
7007,2
2384,2
376,2
280,2
4560,2
3541,6
4403,5
2969,5
4096,4
2061,4
241,4
3266,4
3804,6
6898,2
1158,4
6499,6
3344,2
5222,4
3010,4
5061,4
4299,1
6816,4
2485,6
1096,4
2315,4
4412,2
2057,1
2745,2
1157,2
2114,2
855,2
5448,4
5091,2
4258,4
4367,5
3664,2
2853,5
3894,5
2756,2
5183,2
1109,6
573,2
581,4
1066,5
3248,5
2573,2
5361,6
6602,2
1264,4
704,2
3667,6
4812,3
3471,6
3295,2
148,3
1085,2
1719,3
4768,1
1797,5
1750,6
5314,4
4770,6
4476,4
6626,4
99,5
5215,2
5531,2
6821,2
5795,4
1047,2
5178,5
2328,2
3218,2
6980,2
4718,2
4740,2
407,1
3638,4
3167,6
1909,4
4865,4
6132,4
1952,2
6084,5
1086,6
6649,5
114,2
2396,2
4800,4
6480,4
5563,4
3877,6
4107,5
4724,4
3070,5
6059,5
3880,4
5614,6
6694,5
1977,6
6488,5
1334,2
4641,4
3629,2
6897,6
5409,6
6712,2
1564,5
2491,6
3071,6
2801,2
2383,2
7168,6
2521,4
5248,2
4638,4
2901,6
3206,6
3284,5
4116,5
4954,3
6855,1
4297,4
1635,4
6551,4
4495,2
4176,2
4361,2
4156,2
3319,2
1968,2
4525,6
3827,2
5036,3
311,5
3917,2
5100,6
7118,5
6478,2
169,4
3147,3
3678,5
5284,6
4121,2
880,4
2666,6
3823,2
4574,2
3181,3
2423,3
4901,2
4946,1
1061,2
173,4
977,6
909,5
1093,2
839,2
230,6
344,2
5957,2
265,2
2900,5
5305,2
324,4
5238,2
4240,2
4199,4
6605,4
3223,2
1382,5
5144,2
4930,5
1777,2
2633,2
2215,2
1425,4
6824,2
3059,6
1882,6
894,4
3092,4
4636,2
5735,4
2345,2
1940,4
1023,3
6379,1
111,2
1973,2
4566,4
6580,5
2115,2
1479,5
1436,2
167,5
1836,3
6892,2
5858,5
4168,5
4908,4
4109,3
3372,6
292,4
2075,5
6875,2
2062,2
231,2
4761,2
2120,2
2686,6
3911,5
5629,2
1342,2
5319,2
2499,2
4659,4
6589,5
3871,4
3415,5
2881,6
5751,5
1064,2
797,5
859,3
6208,4
3887,6
4152,3
3931,4
6606,6
6167,4
1126,2
4710,1
1523,3
3698,5
6226,4
6257,2
1228,5
736,4
2004,4
342,3
5927,2
3394,6
5600,3
4365,4
987,5
608,3
6401,5
4083,2
3364,6
4236,2
1647,2
3674,2
2766,4
4627,6
5584,4
4469,1
205,4
6545,5
5458,5
6291,2
2190,5
4221,6
4755,6
4515,2
2313,4
1862,6
3474,4
2663,4
6,2
6481,3
554,2
1411,6
3552,1
4081,4
1954,5
1341,4
5853,2
3225,3
3524,5
4337,2
5660,1
6681,4
2360,2
957,6
2546,2
4579,2
684,6
2331,4
1208,2
1758,2
2035,5
2375,3
4016,2
1663,2
5632,2
1754,4
2056,5
4378,5
3740,2
1196,2
6552,5
986,2
1505,4
2363,2
4313,2
5801,2
3697,2
3171,4
6610,6
7014,6
260,5
2136,4
5638,2
5016,2
6522,2
3829,2
772,5
6625,2
2707,3
3859,4
3574,2
1839,4
2316,4
4650,5
5189,2
431,2
3910,2
2510,6
4388,4
1684,2
1111,4
6270,4
4333,2
1132,2
3121,2
7123,4
3142,4
4127,5
6285,5
3796,3
1507,6
1981,5
1986,5
263,4
3885,6
6281,5
6829,2
161,2
4255,4
4000,4
4942,4
5149,2
132,4
5988,2
3970,4
6841,4
2134,4
7032,4
5348,4
453,2
4850,6
5462,4
2775,4
5659,5
4709,4
6376,5
5940,2
1999,1
4825,6
4442,4
6740,5
640,2
2188,4
1035,6
6479,5
6845,2
1404,6
6498,3
1030,2
2795,4
124,5
2158,1
3956,4
7077,2
1960,6
4934,6
5032,4
5351,5
814,2
4510,4
2948,2
3269,3
3435,5
6896,4
4111,2
6719,4
1218,2
2429,4
3949,5
5521,2
4435,2
4194,4
5322,4
1352,2
4220,2
6827,5
2351,1
3366,5
272,5
2667,4
3533,6
2886,4
4732,2
569,2
5070,4
3397,2
1108,4
3614,6
666,4
3384,4
1178,4
1538,5
730,3
614,2
793,6
4772,6
3753,4
819,6
1820,2
4175,5
5424,4
2955,5
3199,4
6425,5
2133,6
6963,3
4118,2
3685,2
3836,2
2260,5
5969,2
3383,5
1686,2
1055,4
1677,4
6491,4
4620,3
4997,4
7152,6
5864,4
1806,2
6435,5
7161,5
6782,4
4108,4
3084,6
1858,4
3005,4
5989,5
3294,4
3902,2
4646,4
1130,2
2348,5
6138,3
2169,2
374,2
2527,4
1829,5
6931,3
390,2
862,5
2218,3
2152,2
733,5
5303,4
4512,4
4919,2
1503,4
1161,5
3794,5
3995,4
6604,4
1871,4
4324,2
4869,2
775,5
973,2
3508,6
128,4
4180,2
6660,6
5867,6
419,4
6170,4
6813,4
3517,5
2907,4
2706,4
5045,6
2797,2
6434,5
3903,4
5395,4
6569,2
3073,2
2195,5
3368,4
4843,5
3265,4
4813,2
1632,4
3537,5
3352,5
3314,4
1735,5
2248,6
1310,3
1748,6
1062,5
3708,2
4771,6
3690,4
5383,4
6693,5
6835,6
3191,4
4542,2
3119,2
1349,2
6343,3
6708,4
5550,4
6676,2
1864,2
974,6
436,5
4089,4
4234,4
1772,2
5772,1
3315,4
4112,4
4814,2
4335,3
6008,5
6242,4
3683,2
3932,5
2067,6
6718,4
7031,6
4384,5
832,2
1471,4
5132,2
4228,6
5850,4
261,4
1245,4
795,2
338,4
7019,2
4711,4
2981,2
410,2
3504,4
1465,4
5671,6
7121,5
6807,3
88,2
1016,2
6454,4
6572,4
3003,5
220,6
5840,2
490,4
2664,4
4808,2
5997,2
6150,2
2636,2
657,2
6007,5
2793,4
5894,4
5230,2
2173,3
2465,4
7125,3
3809,6
1594,4
4309,5
251,6
555,3
4957,4
1888,4
5146,5
2945,4
7092,5
7075,4
3245,2
2145,4
6672,2
4666,4
2514,5
3996,5
3111,4
5421,6
2677,2
579,4
6515,4
918,5
1721,4
3438,4
51,3
6573,5
57,4
6789,5
6851,4
5394,6
1788,2
1672,2
2567,2
1870,2
6317,5
727,2
242,4
4288,6
1319,3
828,1
2844,2
5367,4
6635,4
1185,2
5203,6
6977,4
5933,5
1779,4
359,2
475,5
5623,5
5775,4
5722,3
1331,2
323,4
7060,2
3525,4
5221,5
2987,6
1407,4
836,2
2176,2
5291,4
850,4
691,3
5650,4
1989,2
5435,2
6745,6
5220,2
4630,3
6651,2
4966,2
6197,6
6727,5
6876,6
903,2
1383,5
888,6
4610,6
6266,4
1406,2
1091,2
889,4
4051,4
3784,4
2240,4
4456,6
3496,5
2026,4
3203,1
7163,6
3288,5
2750,4
6332,3
1476,4
1288,5
6289,2
4131,4
699,2
6262,5
7042,5
1256,2
6793,2
6154,4
4104,5
1435,6
2863,6
6655,5
3413,2
6114,4
3875,3
5355,3
2411,4
1151,2
1150,2
1413,2
460,4
1724,6
1899,4
1757,5
6127,3
4774,2
7198,4
41,6
58,2
7023,5
1418,4
2029,5
6128,5
4867,4
3351,2
47,3
6603,3
1271,5
451,5
2529,6
5742,2
3947,2
6526,2
1140,6
3349,2
5882,2
2127,5
6274,4
1815,4
4159,6
5270,1
2790,2
2100,5
3946,4
3560,3
7189,2
5809,4
3785,2
1528,2
1596,2
2273,4
2498,5
4933,5
6349,5
3661,4
717,1
6669,2
293,4
2542,5
5548,5
4937,2
6723,4
2693,4
6923,4
5493,4
6679,2
4349,4
4241,5
4631,6
3730,4
4465,3
4268,6
6011,4
4497,5
4959,6
5188,3
3217,4
5008,2
3569,6
1184,4
3063,5
5287,2
6927,2
2334,2
1979,4
6116,4
5065,3
1210,5
1215,5
5481,5
1892,4
2451,4
2358,4
2143,5
4640,5
2760,2
1907,4
217,2
3872,4
870,1
2262,4
2572,4
5297,5
5696,2
3634,4
2159,2
6442,2
216,4
4134,4
2978,2
3479,4
5182,6
5841,6
24,3
2177,5
6627,4
5518,4
4976,4
2728,4
1701,2
7093,6
1642,2
3594,2
3825,4
5859,6
2107,5
4455,4
3815,2
6832,6
2924,5
6333,2
883,4
227,3
6843,2
1385,4
1508,2
4778,4
6396,2
3473,2
1429,2
4653,3
6550,6
2731,2
4262,2
822,2
515,2
6090,5
6234,2
2695,2
2105,2
6229,4
3329,5
2821,6
5512,2
1032,5
15,6
2937,5
299,2
782,4
4797,3
4585,5
5909,4
2386,2
4496,6
371,2
1394,6
3259,2
94,5
3797,4
4660,4
5081,5
6979,5
4331,2
1358,2
473,2
2747,5
7180,6
4598,6
4482,6
6418,4
1451,3
2906,4
5939,5
1097,2
4915,4
2959,2
3056,2
6052,4
1703,5
2571,2
5968,6
3731,2
920,2
6947,4
3246,3
3850,5
6403,3
176,4
3151,4
2807,4
2656,4
3655,4
1967,2
3050,2
1816,6
2452,3
412,5
881,1
710,5
1077,5
3691,3
6105,5
1725,6
915,1
3584,4
6624,5
6121,6
6354,2
984,3
6148,4
2856,2
661,3
3640,5
5489,2
321,5
679,5
1253,4
1213,2
6355,2
7065,6
2921,1
2044,4
629,6
1761,4
5966,5
3044,4
3540,2
194,4
2278,2
2225,3
7050,5
5823,6
497,2
1662,5
6945,2
6598,4
4606,4
2393,2
193,2
3696,4
526,2
789,6
4758,2
6607,4
5633,2
817,2
270,5
6300,4
2401,3
5363,4
6810,3
5694,5
2783,2
3433,4
4698,4
168,4
6749,2
1239,4
914,3
358,6
2338,4
6985,5
4987,2
4712,2
651,6
3874,2
6750,2
5616,2
2773,4
2243,4
1180,2
5299,2
868,6
3234,5
6966,2
1604,2
6073,3
2963,5
387,6
5349,4
1729,2
5046,4
2897,2
7133,2
6729,2
1644,2
136,2
1668,2
3137,2
1121,4
302,2
1460,5
4741,2
6187,4
2903,2
2267,5
4463,4
3997,2
3273,4
6157,6
961,4
3943,6
5603,2
3510,4
4944,2
71,2
1072,5
3233,5
3328,4
1269,5
4181,2
2142,4
1800,5
5031,5
6678,2
1242,6
3895,6
2840,4
3577,4
1187,5
4400,4
5101,2
6449,2
3912,4
650,5
4744,5
3002,4
790,2
6902,2
2768,6
5078,4
1837,4
1749,2
4426,5
955,6
356,6
4665,4
3159,2
2548,4
3144,4
5157,4
3083,2
1456,2
5549,2
901,5
2227,6
6464,4
4849,4
3313,4
19,5
2806,4
2238,4
6283,4
5127,4
929,4
6356,4
2507,2
3182,4
6535,4
3080,4
3824,4
5469,4
1207,2
1190,5
807,2
2063,2
6917,6
5346,2
275,6
723,5
3088,6
1804,3
6501,4
1001,4
5558,2
6658,2
3109,4
6408,4
4894,4
3806,2
3324,4
78,4
5926,4
7114,2
4293,6
2457,2
3684,4
991,2
4488,6
2467,6
3781,3
3791,3
667,2
930,2
5434,5
62,6
140,5
3927,2
811,4
4829,6
4935,1
7143,5
4949,4
821,3
1541,4
7079,6
1792,5
1434,5
4596,6
4030,3
4248,4
5480,2
1104,5
5570,5
5874,2
6654,2
724,2
211,2
40,2
931,2
835,4
4072,4
4773,6
5464,4
2023,4
4680,6
6057,5
4503,6
6265,2
2576,6
6833,5
1665,5
444,2
2014,2
6367,4
489,5
245,5
2946,2
4970,4
1088,6
2622,2
2884,6
1608,3
1172,1
6967,4
1120,4
1142,3
5202,4
3031,2
985,2
1124,6
4777,4
4128,5
6200,6
7,5
3968,5
6860,4
7010,2
1073,2
6834,4
1084,2
7191,5
4136,2
4049,4
2544,2
7064,4
6811,2
2648,4
6135,2
3024,2
5625,5
1802,5
6998,3
1076,3
6991,6
1756,2
5509,6
3758,4
6014,3
6077,5
3408,2
3773,4
4955,5
2770,2
2268,2
4611,4
435,2
3676,4
2405,6
1284,4
6075,4
3430,2
1551,2
1134,3
6422,2
2872,4
1372,5
266,5
5263,2
6507,2
3976,2
4414,5
6818,5
4459,6
5147,5
2068,2
2776,4
1869,2
5298,2
3359,3
3585,4
320,6
488,4
5653,1
1484,2
6524,2
3013,2
1953,5
5761,2
3166,2
1921,3
4060,5
92,6
5206,4
1840,6
5836,5
6297,4
5865,2
2658,3
2330,5
2583,4
2440,4
4329,5
4394,6
2344,5
5076,2
7110,5
1089,6
6828,4
671,2
1762,4
5214,6
2784,4
6778,5
3998,2
5184,5
1696,2
4498,4
6447,3
1029,2
18,6
6730,4
6542,6
2156,6
4854,2
6663,5
594,4
180,6
999,2
2645,3
5164,4
2005,5
2615,2
1453,2
2894,4
3550,4
2668,2
3766,5
709,5
939,4
2606,6
7158,4
3363,6
2774,2
1300,4
5750,2
3318,5
3918,5
5267,2
6183,2
6922,4
1522,6
3598,2
4873,5
2765,2
4141,4
7033,4
6705,2
5283,4
3554,2
5928,2
4695,2
5338,2
5095,2
2721,4
4809,2
3219,2
6293,2
3467,4
5422,4
6126,2
882,2
3648,3
1110,2
3486,3
3555,1
5992,4
7008,2
6757,5
2713,2
1685,4
2141,2
2437,2
4044,2
7139,1
2632,5
454,4
4721,4
4793,5
851,5
1409,5
267,6
805,5
125,5
464,5
583,4
2936,2
6513,4
2612,3
719,5
4291,6
4886,2
7175,6
4274,5
278,5
2213,3
1813,2
4140,2
5052,2
2700,4
936,2
5050,2
383,1
3583,4
5233,5
6523,5
5308,4
4086,2
6409,2
5347,4
945,4
6058,2
1367,4
2325,6
2028,3
4701,4
5631,4
4484,2
49,5
5010,2
813,2
6385,2
4508,2
3183,6
3612,2
7165,6
1292,5
3974,5
1863,2
7176,5
130,4
6940,5
2730,2
4281,6
2970,4
1287,5
2210,2
6800,5
6334,4
895,2
5683,5
4605,3
6180,5
4845,4
1867,5
77,2
1227,4
5634,4
4760,2
6744,2
5613,2
1961,2
3341,5
2742,2
6565,2
1168,2
5449,6
4147,4
6341,4
7166,2
123,4
5482,5
4124,4
4307,4
5963,1
4916,2
4050,3
5804,6
2419,4
758,2
2578,2
587,2
3545,2
6391,2
5749,2
6078,3
4911,4
484,2
2687,2
3922,3
86,2
5725,2
5365,2
6061,4
6063,3
2493,5
3066,3
4716,2
6895,6
345,4
5235,6
5401,2
4320,2
5160,2
1058,5
6228,3
1924,4
5729,2
1021,2
3172,5
6924,4
2712,2
6033,2
1439,4
1843,5
6842,2
6805,4
5892,4
3280,4
4896,5
2347,4
4082,2
2748,4
5991,2
4283,2
6375,4
1042,3
6178,2
603,3
1427,6
4447,5
5821,4
5619,3
4200,4
1265,3
1976,2
4164,2
4205,3
4635,4
6762,2
1691,5
1854,3
4184,2
757,4
5289,6
1490,4
6147,2
4404,2
2830,6
6113,2
673,6
3958,6
4182,2
5952,4
1423,4
5175,4
5135,4
3608,2
6817,2
3253,3
300,4
6921,6
2466,4
1831,2
3905,2
5831,5
2670,2
4642,4
2628,3
6822,6
4344,2
6579,5
3761,4
6476,4
4223,4
2027,2
630,5
3126,2
1430,2
1904,6
1012,2
313,2
766,2
5356,5
5325,2
5747,2
1034,4
3687,2
5403,2
440,5
2462,1
952,2
3798,5
891,2
1501,5
1531,4
2180,4
1201,2
349,4
185,2
3519,2
5685,5
4250,2
5268,6
6900,4
1930,4
5121,2
5705,2
2704,4
3424,6
1009,2
3154,6
5254,4
421,1
5979,4
5096,4
7040,2
4804,3
2138,6
7030,5
6795,4
4794,4
3831,4
922,2
2647,5
3742,4
4792,2
175,2
1851,4
2294,2
1174,5
5273,2
6469,4
2370,4
4287,6
4410,4
5119,4
229,3
1069,4
4591,2
4905,5
2149,4
5678,1
1532,2
309,4
4827,4
2043,2
1258,3
971,4
2833,4
200,2
154,4
3564,4
144,6
3053,2
777,6
740,4
3666,2
3173,4
6216,6
1822,2
734,2
5816,4
4015,6
5900,3
6495,4
5009,2
103,2
3120,6
2719,5
4790,5
3659,5
6529,2
6416,2
6815,6
5234,4
26,6
5261,2
6020,3
1380,4
6321,6
3848,4
5559,4
2321,3
6961,2
4927,5
210,2
3575,2
4621,4
5523,5
799,5
1794,2
4594,2
4474,2
1433,5
5932,2
1114,6
329,4
2979,2
6839,2
4756,6
1045,4
1798,2
2064,2
3717,2
610,2
2831,2
5060,2
5914,4
2444,4
3763,4
6272,3
997,4
3915,3
2843,2
1193,6
7044,6
2290,6
3321,2
3801,4
6305,6
3074,5
1420,5
5541,6
1702,5
4628,6
3553,5
3406,5
5204,4
5198,2
7159,2
3117,2
1983,4
2651,4
5205,2
492,4
76,4
5368,6
631,2
1362,2
3139,2
1361,2
1908,2
6812,2
4153,3
1514,2
5774,4
2942,4
6310,6
2976,2
596,4
2208,4
1790,3
2892,2
1078,3
2368,5
4284,2
846,3
487,2
1306,4
2246,1
4161,2
4438,4
3477,2
1254,2
841,2
1452,4
2008,2
5662,4
2174,5
5295,3
867,2
1958,5
7039,4
5890,2
2450,2
7070,5
5621,2
5039,4
6920,6
2602,2
6511,4
833,2
5112,5
525,2
1374,1
1054,4
3215,2
1540,4
4372,6
7024,2
928,5
4979,2
4528,2
372,3
1366,4
1555,6
2601,4
2550,3
5689,4
2495,6
2716,1
81,2
588,4
3209,5
2637,4
6830,6
967,4
43,2
1811,5
146,2
4922,4
2006,4
1304,5
2953,5
7034,6
5690,2
6953,4
5510,5
1257,6
978,2
2918,4
1591,2
2697,5
729,2
2433,5
1223,2
3979,3
584,2
7017,4
4418,2
6284,5
2796,3
3440,6
2995,2
3834,2
6520,6
3093,5
42,2
4866,4
2342,6
639,1
1885,4
2973,2
6175,5
752,2
3896,2
3982,4
5627,2
5911,2
6427,5
815,2
649,3
3861,4
2845,5
1081,2
3022,1
5007,6
4056,6
7185,4
5644,3
5062,4
1689,2
2381,4
4820,4
5922,4
820,3
4892,2
1282,6
536,6
2007,4
1312,1
3468,2
1401,6
4106,4
6129,2
4527,6
5802,4
2911,2
2589,2
1027,5
2489,2
6110,2
357,4
5943,2
4028,2
3081,4
3891,2
6074,6
6864,6
3354,5
2113,2
5343,2
5037,2
4217,4
5072,1
4358,2
7193,4
942,2
1515,6
2497,4
4733,2
5427,2
1542,4
2898,4
7054,4
1007,4
6930,2
4590,5
3713,2
4658,5
5669,2
3170,4
3485,6
5313,4
5714,5
6850,4
728,2
1313,3
5013,5
2323,4
1191,5
4330,5
6683,2
2475,2
2427,5
4069,5
3470,5
4061,4
2090,2
4238,2
3174,5
2614,5
2737,5
3786,5
2586,4
1365,2
5111,6
1251,2
218,4
4019,2
6043,2
5898,5
6253,3
70,5
2376,2
5987,4
2307,2
1832,4
4995,5
2524,5
5494,5
5088,2
6344,3
2630,2
3764,4
6954,2
5311,4
6384,5
5508,5
521,3
3242,4
6771,6
2823,3
1583,2
3264,2
6734,3
5018,2
4996,5
576,4
2011,2
4939,2
3876,2
2009,4
1959,2
3241,4
5089,2
1122,4
3387,6
6990,2
3102,5
3941,1
2289,2
4063,3
5572,5
6585,5
4519,5
4209,2
896,2
5048,2
1252,2
5276,2
3984,3
6906,4
2563,6
5861,4
5830,2
6107,5
447,5
5654,5
6994,5
5704,5
559,4
2257,4
3421,5
1370,5
3724,5
6518,3
4545,2
3186,5
4461,2
1667,3
195,5
4005,6
3267,2
4100,5
5293,4
6199,2
906,2
466,4
3856,4
6546,2
7200,2
89,4
4781,5
5224,2
5341,2
2804,3
4316,2
3901,6
1,2
5953,2
5026,1
2047,2
2154,4
445,6
1537,5
2095,3
1808,6
975,2
2051,5
3450,4
6217,2
2512,2
5492,5
5773,4
935,2
1912,4
6112,2
341,4
1874,4
1031,3
6735,2
4520,2
6351,4
6836,5
6049,2
1524,2
4343,5
5878,4
1906,3
1928,4
6250,2
6186,2
6311,2
981,4
6620,4
6035,6
4275,2
472,5
5385,1
5362,5
1692,5
4263,2
1875,2
613,5
5358,2
713,6
5875,3
4684,2
4364,3
2504,2
6353,2
3933,5
4722,4
7108,3
546,3
4117,2
2161,2
6847,6
3029,4
3672,6
5884,4
3741,2
1736,4
201,2
1708,2
3768,2
1244,5
1876,3
6202,3
498,2
761,4
1962,4
702,2
3187,2
3006,2
4391,4
570,5
361,2
4310,4
126,4
1381,2
558,3
5701,4
7142,3
6166,4
5604,6
5954,3
1602,4
2873,2
378,2
1633,2
5779,2
2944,3
6294,2
6760,2
539,5
6287,2
1946,4
5227,4
2078,2
2037,2
2181,4
306,6
5418,4
2442,2
5130,2
1384,4
379,5
2151,6
1495,4
1785,6
4247,2
4746,2
2350,5
5560,6
6185,4
4823,5
1825,5
6820,4
2221,4
4148,2
2286,2
5450,5
4751,4
5984,2
4170,5
2354,3
1163,2
1884,4
3893,2
4952,2
3411,6
1699,4
923,2
949,2
2915,1
7162,2
1803,5
3085,6
6802,6
1654,2
3566,4
2080,4
2079,4
4377,4
2999,2
5721,2
5893,5
6412,6
64,4
6861,6
4633,6
618,2
4872,4
2819,4
6722,2
4214,4
6181,2
6555,4
2123,2
4298,5
2660,5
2050,4
4889,4
3925,3
6024,5
3255,5
6904,5
5174,5
6809,5
2744,2
420,6
1083,2
6198,2
4707,4
6436,6
505,5
4786,2
2259,4
3460,4
6225,2
5312,2
6131,3
698,4
4059,3
1516,5
4122,5
5611,2
2734,2
1676,5
4619,2
523,2
1742,4
2456,5
4183,4
6601,5
96,4
3549,5
6177,4
6106,4
3104,4
3395,3
3307,2
1209,2
786,4
3501,6
5697,2
1107,2
3279,2
3579,5
2337,2
5919,2
2503,4
801,2
4647,1
171,5
415,6
2185,3
5181,3
1181,4
2600,4
637,2
3759,4
1744,6
3948,2
7049,2
25,4
6122,4
4667,6
4884,3
5784,2
7195,4
6372,6
6136,2
5328,2
3913,4
528,4
4533,2
249,2
4998,4
2812,4
4505,5
3647,5
692,5
6659,4
3722,6
3652,4
5377,2
1887,2
5959,5
5193,4
6738,6
441,4
2160,4
1263,4
4623,2
884,3
6664,5
332,4
1631,5
5777,4
2878,2
2672,3
4549,4
7035,2
2837,3
4736,5
116,6
3873,5
1873,3
1371,2
5141,5
4961,6
849,2
4531,2
310,2
6299,2
6244,4
6739,2
3032,5
6340,4
1746,4
5084,4
6549,2
1586,2
6568,3
1613,2
5944,4
4022,4
3414,4
968,4
2864,4
737,4
7128,4
6496,2
1339,3
1993,4
4027,2
4767,2
2087,3
3522,1
1195,1
4286,4
4885,5
437,4
2455,2
6709,5
6411,4
2691,2
1603,4
3379,4
4251,3
3646,4
609,6
2876,1
7027,4
3572,6
5833,4
6698,2
5208,6
4120,2
2798,4
139,4
5535,2
1615,6
1415,5
279,4
6307,3
604,2
2958,4
5179,4
7004,4
2696,4
5577,4
7196,4
7052,2
60,6
1071,6
9,5
20,4
4960,4
5934,3
7074,4
5964,2
6671,3
1823,4
1273,2
5580,2
4999,2
5852,4
4321,6
295,2
808,2
462,6
5825,4
3499,6
3934,2
34,2
1455,2
5015,4
5219,2
2540,2
4289,4
1903,4
5113,2
5501,4
2182,5
4201,4
4626,2
3261,2
135,4
1115,2
479,2
3472,4
2640,4
213,4
5379,5
2389,5
1400,1
413,5
6889,6
6714,4
4047,3
1262,2
540,2
5402,2
3609,5
6279,2
773,2
885,2
5706,4
5278,6
7048,5
3272,4
1771,6
3096,2
7076,6
1666,2
1049,5
2809,3
3515,5
5924,2
4190,2
254,4
6312,6
432,4
5675,6
964,4
6557,5
7153,4
2146,2
3884,6
3452,2
5527,6
4406,4
1680,4
5930,4
7101,2
4672,5
6662,2
6608,4
5249,3
2556,2
5470,4
2171,5
84,3
1219,4
2922,5
5728,2
3610,4
1688,4
636,2
7069,4
6064,5
393,5
3843,4
4991,2
482,1
3729,3
1281,5
5778,6
1010,6
5901,2
2877,3
3094,6
4416,3
3811,6
3338,6
966,5
2565,5
908,6
1826,4
2275,5
2296,2
1877,1
6100,6
3180,4
2562,4
743,5
4671,2
6886,5
5229,4
1791,4
553,6
4417,4
738,3
1972,4
1588,6
2144,4
2702,2
4881,3
6697,4
1919,3
4067,5
897,4
3738,6
2418,2
6374,3
1525,3
6088,6
2291,2
2683,5
3653,6
31,2
1938,2
1755,4
1186,2
7119,4
6151,6
1305,2
5759,2
4037,2
6389,6
3769,4
3845,5
6946,5
663,6
5326,2
5827,2
5376,2
5889,4
2374,4
4514,4
1637,2
1498,4
7058,2
4887,2
3175,3
2125,2
4534,2
1730,4
6609,3
7012,2
690,4
4844,5
5530,2
2209,4
2659,4
4119,2
6308,5
1984,2
4026,6
575,2
1599,2
5237,6
1053,2
238,2
2089,5
5495,2
1280,2
3591,3
5321,2
2170,3
5247,4
5253,2
5138,4
4132,4
5140,6
3842,2
4347,4
3700,2
1570,5
4006,2
2694,6
2596,5
3365,2
7073,2
1017,4
7002,5
670,2
924,3
4045,2
2119,4
2304,2
5466,4
4105,2
5491,3
4913,4
1175,2
2282,3
5597,2
3967,6
3403,6
1795,4
5757,4
3778,4
6968,4
4087,2
1563,5
73,5
4163,2
3040,4
3107,2
1544,5
5532,5
2943,4
4431,2
6925,6
298,2
6490,5
3037,6
697,2
6413,4
1424,2
3743,5
5274,2
6957,4
2992,5
3168,4
2607,2
5929,4
4046,5
4110,5
7120,1
274,3
4077,4
434,6
4882,5
1574,2
5035,2
1865,4
7015,4
2031,4
1026,4
4926,2
1943,6
3357,4
6689,3
886,4
1024,4
6206,4
675,4
3990,4
3837,4
5973,5
4033,2
910,5
7036,6
3464,1
1933,4
6611,4
2983,2
6554,2
2261,4
2175,6
496,2
2164,2
3202,4
6068,2
1177,5
1028,4
4235,6
913,5
1438,4
4363,5
5797,5
6525,6
2428,2
2580,6
7041,4
556,2
5856,1
5844,2
5340,4
2398,5
1286,1
5459,2
85,2
6702,5
6685,3
4688,4
3613,2
6086,2
6756,3
1419,5
6111,4
5307,4
6452,4
3921,4
678,4
149,2
79,2
852,2
2469,2
2070,4
1577,6
2298,2
1470,4
2609,5
1857,6
6764,6
560,4
5212,5
4986,4
5195,4
6758,2
1131,4
398,6
317,4
6703,2
4237,4
3603,2
1379,3
1894,2
5003,4
4346,5
7147,4
1033,2
5406,3
3437,3
2058,2
1276,6
3694,2
5652,4
2194,2
626,2
5799,6
4656,5
4327,6
6065,4
2786,5
3017,2
3838,6
4338,4
198,4
3654,2
1044,4
4953,4
3244,4
970,4
4993,6
4537,2
2478,5
2483,2
1553,2
2093,5
6119,2
343,4
4230,4
4359,4
874,5
2122,2
1526,2
3079,4
4964,5
7178,2
7078,4
7000,6
6794,5
2364,5
5242,5
578,4
5680,3
593,2
1261,6
1743,4
6883,5
3669,5
3792,4
2743,2
2302,4
3847,6
544,4
847,2
1446,4
2642,2
2568,4
4526,5
6910,2
2735,2
7003,4
4010,2
5087,2
4902,4
3105,2
5288,3
6996,2
1948,4
6803,2
1679,2
1847,4
5649,2
1422,1
2708,4
3542,5
5306,4
3045,4
6142,4
6210,4
6319,4
5538,2
7199,2
1194,2
6753,5
4697,5
5116,5
3263,5
3551,6
6386,5
232,2
6873,4
7016,5
3593,4
456,2
4408,2
5207,5
67,2
3878,6
6137,2
3068,4
1568,5
4390,4
1898,5
273,5
4215,4
4253,4
5655,2
624,4
1500,6
4053,2
1571,4
564,5
4198,4
5353,6
993,2
3937,2
6700,6
2989,2
2203,6
6282,6
5800,4
325,4
2904,6
5741,2
2736,4
3152,4
4900,4
3971,2
1405,6
2759,2
3251,5
4852,6
3382,4
6360,5
6556,6
2649,6
5594,4
4720,4
5504,4
3869,5
6124,2
5282,4
5266,4
784,4
4782,4
6504,2
5255,4
3886,4
1396,6
4553,2
5764,2
3207,4
4308,6
1853,4
6538,1
4513,5
5066,6
248,2
508,6
3122,2
5806,5
1760,3
6204,4
6777,4
6726,6
4290,2
1450,2
3062,5
5737,5
1612,4
6318,4
917,6
4540,4
2916,5
6097,2
3994,6
442,4
2280,4
1328,2
759,2
4629,2
3736,2
5371,2
1070,2
655,2
101,4
5552,3
3049,4
6329,5
5573,5
